[
    {
        "id" :1,
        "imagesource": "img/Products/f1.jpg",
        "brandname":"Adidas",
        "type":"Cartoon Astronaut T-shirts",
        "price":"Rs.780.00"
    },
    {
        "id" :2,
        "imagesource": "img/Products/f2.jpg",
        "brandname":"Puma",
        "type":" Aesthetic T-shirts",
        "price":"Rs.700.00"
    },
    {
        "id" :3,
        "imagesource": "img/Products/f3.jpg",
        "brandname":"Allen Solly",
        "type":"Hawai T-shirts",
        "price":"Rs.500.00"
    },
    {
        "id" :4,
        "imagesource": "img/Products/f4.jpg",
        "brandname":"Peter England",
        "type":"Casual Summer T-shirts",
        "price":"Rs.600.00"
    },
    {
        "id" :5,
        "imagesource": "img/Products/f5.jpg",
        "brandname":"Puma",
        "type":"Casual T-shirts",
        "price":"Rs.450.00"
    },
    {
        "id" :6,
        "imagesource": "img/Products/f6.jpg",
        "brandname":"Twills",
        "type":"Aesthtic Jacket",
        "price":"Rs.1200.00"
    },
    {
        "id" :7,
        "imagesource": "img/Products/f7.jpg",
        "brandname":"Indigo",
        "type":"Pants",
        "price":"Rs.400.00"
    },
    {
        "id" :8,
        "imagesource": "img/Products/f8.jpg",
        "brandname":"Vanhuessen",
        "type":"Cartoon Half-shirts",
        "price":"Rs.1300.00"
    }
]
